Workbook

Sheet Dashboard
A1: 💼 WORK HOURS & WAGE DASHBOARD
A2: Real-Time Key Performance Indicators & Multi-Job Earnings Summary (Currency: SEK kr)
B4: TOTAL NET TAKE-HOME | E4: TOTAL GROSS EARNINGS | H4: TOTAL HOURS WORKED | K4: TOTAL SHIFTS WORKED
B5: =SUM(Daily_Log!K5:K500) | E5: =SUM(Daily_Log!I5:I500) | H5: =SUM(Daily_Log!H5:H500) | K5: =COUNTA(Daily_Log!A5:A500)
B8: 📊 Multi-Job Earnings & Hours Breakdown | I8: 📱 Apple Calendar Sync Guide
B10: Job / Employer | C10: Configured Rate | D10: Tax Rate | E10: Total Hours Worked | F10: Gross Earnings (kr) | G10: Net Take-Home (kr) | H10: Share of Net Income | I10: Step 1 | J10: Create events on Apple Calendar with titles like 'Agra Tandoori' or 'Grand Hotel'.
B11: Agra Tandoori | C11: =VLOOKUP(B11,Job_Settings!$A$5:$C$15,2,FALSE) | D11: =VLOOKUP(B11,Job_Settings!$A$5:$C$15,3,FALSE) | E11: =SUMIFS(Daily_Log!$H$5:$H$500, Daily_Log!$B$5:$B$500, B11) | F11: =SUMIFS(Daily_Log!$I$5:$I$500, Daily_Log!$B$5:$B$500, B11) | G11: =SUMIFS(Daily_Log!$K$5:$K$500, Daily_Log!$B$5:$B$500, B11) | H11: =IF($G$15>0, G11/$G$15, 0) | I11: Step 2 | J11: Export calendar (.ics file) or copy Webcal URL from iCal.
B12: Grand Hotel | C12: =VLOOKUP(B12,Job_Settings!$A$5:$C$15,2,FALSE) | D12: =VLOOKUP(B12,Job_Settings!$A$5:$C$15,3,FALSE) | E12: =SUMIFS(Daily_Log!$H$5:$H$500, Daily_Log!$B$5:$B$500, B12) | F12: =SUMIFS(Daily_Log!$I$5:$I$500, Daily_Log!$B$5:$B$500, B12) | G12: =SUMIFS(Daily_Log!$K$5:$K$500, Daily_Log!$B$5:$B$500, B12) | H12: =IF($G$15>0, G12/$G$15, 0) | I12: Step 3 | J12: Run the included `sync_apple_calendar.py` script to import shifts automatically.
B13: Backup Job | C13: =VLOOKUP(B13,Job_Settings!$A$5:$C$15,2,FALSE) | D13: =VLOOKUP(B13,Job_Settings!$A$5:$C$15,3,FALSE) | E13: =SUMIFS(Daily_Log!$H$5:$H$500, Daily_Log!$B$5:$B$500, B13) | F13: =SUMIFS(Daily_Log!$I$5:$I$500, Daily_Log!$B$5:$B$500, B13) | G13: =SUMIFS(Daily_Log!$K$5:$K$500, Daily_Log!$B$5:$B$500, B13) | H13: =IF($G$15>0, G13/$G$15, 0) | I13: Step 4 | J13: Alternatively, use Apple Shortcuts app to send shift logs directly to Excel!
B14: Other / Special | C14: =VLOOKUP(B14,Job_Settings!$A$5:$C$15,2,FALSE) | D14: =VLOOKUP(B14,Job_Settings!$A$5:$C$15,3,FALSE) | E14: =SUMIFS(Daily_Log!$H$5:$H$500, Daily_Log!$B$5:$B$500, B14) | F14: =SUMIFS(Daily_Log!$I$5:$I$500, Daily_Log!$B$5:$B$500, B14) | G14: =SUMIFS(Daily_Log!$K$5:$K$500, Daily_Log!$B$5:$B$500, B14) | H14: =IF($G$15>0, G14/$G$15, 0)
B15: Total All Jobs | E15: =SUM(E11:E14) | F15: =SUM(F11:F14) | G15: =SUM(G11:G14) | H15: =SUM(H11:H14)
B18: 📅 Recent Shifts Quick View
B20: Date | C20: Job / Employer | D20: Hours | E20: Gross (kr) | F20: Net (kr) | G20: Notes
B21: =Daily_Log!A5 | C21: =Daily_Log!B5 | D21: =Daily_Log!H5 | E21: =Daily_Log!I5 | F21: =Daily_Log!K5 | G21: =Daily_Log!O5
B22: =Daily_Log!A6 | C22: =Daily_Log!B6 | D22: =Daily_Log!H6 | E22: =Daily_Log!I6 | F22: =Daily_Log!K6 | G22: =Daily_Log!O6
B23: =Daily_Log!A7 | C23: =Daily_Log!B7 | D23: =Daily_Log!H7 | E23: =Daily_Log!I7 | F23: =Daily_Log!K7 | G23: =Daily_Log!O7
B24: =Daily_Log!A8 | C24: =Daily_Log!B8 | D24: =Daily_Log!H8 | E24: =Daily_Log!I8 | F24: =Daily_Log!K8 | G24: =Daily_Log!O8
B25: =Daily_Log!A9 | C25: =Daily_Log!B9 | D25: =Daily_Log!H9 | E25: =Daily_Log!I9 | F25: =Daily_Log!K9 | G25: =Daily_Log!O9
B26: =Daily_Log!A10 | C26: =Daily_Log!B10 | D26: =Daily_Log!H10 | E26: =Daily_Log!I10 | F26: =Daily_Log!K10 | G26: =Daily_Log!O10
B27: =Daily_Log!A11 | C27: =Daily_Log!B11 | D27: =Daily_Log!H11 | E27: =Daily_Log!I11 | F27: =Daily_Log!K11 | G27: =Daily_Log!O11
B28: =Daily_Log!A12 | C28: =Daily_Log!B12 | D28: =Daily_Log!H12 | E28: =Daily_Log!I12 | F28: =Daily_Log!K12 | G28: =Daily_Log!O12
B29: =Daily_Log!A13 | C29: =Daily_Log!B13 | D29: =Daily_Log!H13 | E29: =Daily_Log!I13 | F29: =Daily_Log!K13 | G29: =Daily_Log!O13
B30: =Daily_Log!A14 | C30: =Daily_Log!B14 | D30: =Daily_Log!H14 | E30: =Daily_Log!I14 | F30: =Daily_Log!K14 | G30: =Daily_Log!O14

Sheet Daily_Log
A1: Daily Work & Wage Log
A2: Select your employer, enter shift start/end times and unpaid breaks. Rates & earnings calculate automatically!
A4: Date | B4: Job / Employer | C4: Start Time | D4: End Time | E4: Unpaid Break (mins) | F4: Hourly Rate (kr) | G4: Tax Rate (%) | H4: Total Paid Hours | I4: Gross Earnings (kr) | J4: Tax Amount (kr) | K4: Net Earnings (kr) | L4: Week # | M4: Year | N4: Month | O4: Shift Notes
A5: 2025-12-01 | B5: Agra Tandoori | C5: 11:00 | D5: 19:00 | E5: 30 | F5: =IF(B5="","",VLOOKUP(B5,Job_Settings!$A$5:$C$15,2,FALSE)) | G5: =IF(B5="","",VLOOKUP(B5,Job_Settings!$A$5:$C$15,3,FALSE)) | H5: =IF(OR(C5="",D5=""),"",ROUND((IF(ISNUMBER(D5),D5,TIMEVALUE(D5))-IF(ISNUMBER(C5),C5,TIMEVALUE(C5)))*24-(E5/60), 2)) | I5: =IF(OR(H5="",F5=""),"",ROUND(H5*F5, 2)) | J5: =IF(OR(I5="",G5=""),"",ROUND(I5*G5, 2)) | K5: =IF(OR(I5="",J5=""),"",ROUND(I5-J5, 2)) | L5: =IF(A5="","",ISOWEEKNUM(DATEVALUE(TEXT(A5,"yyyy-mm-dd")))) | M5: =IF(A5="","",YEAR(DATEVALUE(TEXT(A5,"yyyy-mm-dd")))) | N5: =IF(A5="","",TEXT(DATEVALUE(TEXT(A5,"yyyy-mm-dd")),"yyyy-mm")) | O5: Lunch shift
A6: 2025-12-02 | B6: Agra Tandoori | C6: 16:00 | D6: 23:00 | E6: 30 | F6: =IF(B6="","",VLOOKUP(B6,Job_Settings!$A$5:$C$15,2,FALSE)) | G6: =IF(B6="","",VLOOKUP(B6,Job_Settings!$A$5:$C$15,3,FALSE)) | H6: =IF(OR(C6="",D6=""),"",ROUND((IF(ISNUMBER(D6),D6,TIMEVALUE(D6))-IF(ISNUMBER(C6),C6,TIMEVALUE(C6)))*24-(E6/60), 2)) | I6: =IF(OR(H6="",F6=""),"",ROUND(H6*F6, 2)) | J6: =IF(OR(I6="",G6=""),"",ROUND(I6*G6, 2)) | K6: =IF(OR(I6="",J6=""),"",ROUND(I6-J6, 2)) | L6: =IF(A6="","",ISOWEEKNUM(DATEVALUE(TEXT(A6,"yyyy-mm-dd")))) | M6: =IF(A6="","",YEAR(DATEVALUE(TEXT(A6,"yyyy-mm-dd")))) | N6: =IF(A6="","",TEXT(DATEVALUE(TEXT(A6,"yyyy-mm-dd")),"yyyy-mm")) | O6: Dinner shift
A7: 2025-12-04 | B7: Grand Hotel | C7: 07:00 | D7: 15:30 | E7: 30 | F7: =IF(B7="","",VLOOKUP(B7,Job_Settings!$A$5:$C$15,2,FALSE)) | G7: =IF(B7="","",VLOOKUP(B7,Job_Settings!$A$5:$C$15,3,FALSE)) | H7: =IF(OR(C7="",D7=""),"",ROUND((IF(ISNUMBER(D7),D7,TIMEVALUE(D7))-IF(ISNUMBER(C7),C7,TIMEVALUE(C7)))*24-(E7/60), 2)) | I7: =IF(OR(H7="",F7=""),"",ROUND(H7*F7, 2)) | J7: =IF(OR(I7="",G7=""),"",ROUND(I7*G7, 2)) | K7: =IF(OR(I7="",J7=""),"",ROUND(I7-J7, 2)) | L7: =IF(A7="","",ISOWEEKNUM(DATEVALUE(TEXT(A7,"yyyy-mm-dd")))) | M7: =IF(A7="","",YEAR(DATEVALUE(TEXT(A7,"yyyy-mm-dd")))) | N7: =IF(A7="","",TEXT(DATEVALUE(TEXT(A7,"yyyy-mm-dd")),"yyyy-mm")) | O7: Breakfast & Lunch service
A8: 2025-12-05 | B8: Grand Hotel | C8: 15:00 | D8: 23:30 | E8: 45 | F8: =IF(B8="","",VLOOKUP(B8,Job_Settings!$A$5:$C$15,2,FALSE)) | G8: =IF(B8="","",VLOOKUP(B8,Job_Settings!$A$5:$C$15,3,FALSE)) | H8: =IF(OR(C8="",D8=""),"",ROUND((IF(ISNUMBER(D8),D8,TIMEVALUE(D8))-IF(ISNUMBER(C8),C8,TIMEVALUE(C8)))*24-(E8/60), 2)) | I8: =IF(OR(H8="",F8=""),"",ROUND(H8*F8, 2)) | J8: =IF(OR(I8="",G8=""),"",ROUND(I8*G8, 2)) | K8: =IF(OR(I8="",J8=""),"",ROUND(I8-J8, 2)) | L8: =IF(A8="","",ISOWEEKNUM(DATEVALUE(TEXT(A8,"yyyy-mm-dd")))) | M8: =IF(A8="","",YEAR(DATEVALUE(TEXT(A8,"yyyy-mm-dd")))) | N8: =IF(A8="","",TEXT(DATEVALUE(TEXT(A8,"yyyy-mm-dd")),"yyyy-mm")) | O8: Banquet evening shift
A9: 2025-12-06 | B9: Agra Tandoori | C9: 12:00 | D9: 22:00 | E9: 60 | F9: =IF(B9="","",VLOOKUP(B9,Job_Settings!$A$5:$C$15,2,FALSE)) | G9: =IF(B9="","",VLOOKUP(B9,Job_Settings!$A$5:$C$15,3,FALSE)) | H9: =IF(OR(C9="",D9=""),"",ROUND((IF(ISNUMBER(D9),D9,TIMEVALUE(D9))-IF(ISNUMBER(C9),C9,TIMEVALUE(C9)))*24-(E9/60), 2)) | I9: =IF(OR(H9="",F9=""),"",ROUND(H9*F9, 2)) | J9: =IF(OR(I9="",G9=""),"",ROUND(I9*G9, 2)) | K9: =IF(OR(I9="",J9=""),"",ROUND(I9-J9, 2)) | L9: =IF(A9="","",ISOWEEKNUM(DATEVALUE(TEXT(A9,"yyyy-mm-dd")))) | M9: =IF(A9="","",YEAR(DATEVALUE(TEXT(A9,"yyyy-mm-dd")))) | N9: =IF(A9="","",TEXT(DATEVALUE(TEXT(A9,"yyyy-mm-dd")),"yyyy-mm")) | O9: Weekend full day
A10: 2025-12-08 | B10: Backup Job | C10: 09:00 | D10: 17:00 | E10: 30 | F10: =IF(B10="","",VLOOKUP(B10,Job_Settings!$A$5:$C$15,2,FALSE)) | G10: =IF(B10="","",VLOOKUP(B10,Job_Settings!$A$5:$C$15,3,FALSE)) | H10: =IF(OR(C10="",D10=""),"",ROUND((IF(ISNUMBER(D10),D10,TIMEVALUE(D10))-IF(ISNUMBER(C10),C10,TIMEVALUE(C10)))*24-(E10/60), 2)) | I10: =IF(OR(H10="",F10=""),"",ROUND(H10*F10, 2)) | J10: =IF(OR(I10="",G10=""),"",ROUND(I10*G10, 2)) | K10: =IF(OR(I10="",J10=""),"",ROUND(I10-J10, 2)) | L10: =IF(A10="","",ISOWEEKNUM(DATEVALUE(TEXT(A10,"yyyy-mm-dd")))) | M10: =IF(A10="","",YEAR(DATEVALUE(TEXT(A10,"yyyy-mm-dd")))) | N10: =IF(A10="","",TEXT(DATEVALUE(TEXT(A10,"yyyy-mm-dd")),"yyyy-mm")) | O10: Covering shift
A11: 2025-12-10 | B11: Grand Hotel | C11: 08:00 | D11: 16:30 | E11: 30 | F11: =IF(B11="","",VLOOKUP(B11,Job_Settings!$A$5:$C$15,2,FALSE)) | G11: =IF(B11="","",VLOOKUP(B11,Job_Settings!$A$5:$C$15,3,FALSE)) | H11: =IF(OR(C11="",D11=""),"",ROUND((IF(ISNUMBER(D11),D11,TIMEVALUE(D11))-IF(ISNUMBER(C11),C11,TIMEVALUE(C11)))*24-(E11/60), 2)) | I11: =IF(OR(H11="",F11=""),"",ROUND(H11*F11, 2)) | J11: =IF(OR(I11="",G11=""),"",ROUND(I11*G11, 2)) | K11: =IF(OR(I11="",J11=""),"",ROUND(I11-J11, 2)) | L11: =IF(A11="","",ISOWEEKNUM(DATEVALUE(TEXT(A11,"yyyy-mm-dd")))) | M11: =IF(A11="","",YEAR(DATEVALUE(TEXT(A11,"yyyy-mm-dd")))) | N11: =IF(A11="","",TEXT(DATEVALUE(TEXT(A11,"yyyy-mm-dd")),"yyyy-mm")) | O11: Morning shift
A12: 2025-12-12 | B12: Agra Tandoori | C12: 16:00 | D12: 23:30 | E12: 30 | F12: =IF(B12="","",VLOOKUP(B12,Job_Settings!$A$5:$C$15,2,FALSE)) | G12: =IF(B12="","",VLOOKUP(B12,Job_Settings!$A$5:$C$15,3,FALSE)) | H12: =IF(OR(C12="",D12=""),"",ROUND((IF(ISNUMBER(D12),D12,TIMEVALUE(D12))-IF(ISNUMBER(C12),C12,TIMEVALUE(C12)))*24-(E12/60), 2)) | I12: =IF(OR(H12="",F12=""),"",ROUND(H12*F12, 2)) | J12: =IF(OR(I12="",G12=""),"",ROUND(I12*G12, 2)) | K12: =IF(OR(I12="",J12=""),"",ROUND(I12-J12, 2)) | L12: =IF(A12="","",ISOWEEKNUM(DATEVALUE(TEXT(A12,"yyyy-mm-dd")))) | M12: =IF(A12="","",YEAR(DATEVALUE(TEXT(A12,"yyyy-mm-dd")))) | N12: =IF(A12="","",TEXT(DATEVALUE(TEXT(A12,"yyyy-mm-dd")),"yyyy-mm")) | O12: Friday night service
A13: 2025-12-15 | B13: Agra Tandoori | C13: 11:00 | D13: 19:00 | E13: 30 | F13: =IF(B13="","",VLOOKUP(B13,Job_Settings!$A$5:$C$15,2,FALSE)) | G13: =IF(B13="","",VLOOKUP(B13,Job_Settings!$A$5:$C$15,3,FALSE)) | H13: =IF(OR(C13="",D13=""),"",ROUND((IF(ISNUMBER(D13),D13,TIMEVALUE(D13))-IF(ISNUMBER(C13),C13,TIMEVALUE(C13)))*24-(E13/60), 2)) | I13: =IF(OR(H13="",F13=""),"",ROUND(H13*F13, 2)) | J13: =IF(OR(I13="",G13=""),"",ROUND(I13*G13, 2)) | K13: =IF(OR(I13="",J13=""),"",ROUND(I13-J13, 2)) | L13: =IF(A13="","",ISOWEEKNUM(DATEVALUE(TEXT(A13,"yyyy-mm-dd")))) | M13: =IF(A13="","",YEAR(DATEVALUE(TEXT(A13,"yyyy-mm-dd")))) | N13: =IF(A13="","",TEXT(DATEVALUE(TEXT(A13,"yyyy-mm-dd")),"yyyy-mm")) | O13: Mid-week shift
A14: 2025-12-18 | B14: Grand Hotel | C14: 14:00 | D14: 22:00 | E14: 30 | F14: =IF(B14="","",VLOOKUP(B14,Job_Settings!$A$5:$C$15,2,FALSE)) | G14: =IF(B14="","",VLOOKUP(B14,Job_Settings!$A$5:$C$15,3,FALSE)) | H14: =IF(OR(C14="",D14=""),"",ROUND((IF(ISNUMBER(D14),D14,TIMEVALUE(D14))-IF(ISNUMBER(C14),C14,TIMEVALUE(C14)))*24-(E14/60), 2)) | I14: =IF(OR(H14="",F14=""),"",ROUND(H14*F14, 2)) | J14: =IF(OR(I14="",G14=""),"",ROUND(I14*G14, 2)) | K14: =IF(OR(I14="",J14=""),"",ROUND(I14-J14, 2)) | L14: =IF(A14="","",ISOWEEKNUM(DATEVALUE(TEXT(A14,"yyyy-mm-dd")))) | M14: =IF(A14="","",YEAR(DATEVALUE(TEXT(A14,"yyyy-mm-dd")))) | N14: =IF(A14="","",TEXT(DATEVALUE(TEXT(A14,"yyyy-mm-dd")),"yyyy-mm")) | O14: Catering event
A15: 2025-12-20 | B15: Agra Tandoori | C15: 12:00 | D15: 22:30 | E15: 60 | F15: =IF(B15="","",VLOOKUP(B15,Job_Settings!$A$5:$C$15,2,FALSE)) | G15: =IF(B15="","",VLOOKUP(B15,Job_Settings!$A$5:$C$15,3,FALSE)) | H15: =IF(OR(C15="",D15=""),"",ROUND((IF(ISNUMBER(D15),D15,TIMEVALUE(D15))-IF(ISNUMBER(C15),C15,TIMEVALUE(C15)))*24-(E15/60), 2)) | I15: =IF(OR(H15="",F15=""),"",ROUND(H15*F15, 2)) | J15: =IF(OR(I15="",G15=""),"",ROUND(I15*G15, 2)) | K15: =IF(OR(I15="",J15=""),"",ROUND(I15-J15, 2)) | L15: =IF(A15="","",ISOWEEKNUM(DATEVALUE(TEXT(A15,"yyyy-mm-dd")))) | M15: =IF(A15="","",YEAR(DATEVALUE(TEXT(A15,"yyyy-mm-dd")))) | N15: =IF(A15="","",TEXT(DATEVALUE(TEXT(A15,"yyyy-mm-dd")),"yyyy-mm")) | O15: Pre-Christmas rush
A16: 2025-12-22 | B16: Grand Hotel | C16: 07:00 | D16: 15:00 | E16: 30 | F16: =IF(B16="","",VLOOKUP(B16,Job_Settings!$A$5:$C$15,2,FALSE)) | G16: =IF(B16="","",VLOOKUP(B16,Job_Settings!$A$5:$C$15,3,FALSE)) | H16: =IF(OR(C16="",D16=""),"",ROUND((IF(ISNUMBER(D16),D16,TIMEVALUE(D16))-IF(ISNUMBER(C16),C16,TIMEVALUE(C16)))*24-(E16/60), 2)) | I16: =IF(OR(H16="",F16=""),"",ROUND(H16*F16, 2)) | J16: =IF(OR(I16="",G16=""),"",ROUND(I16*G16, 2)) | K16: =IF(OR(I16="",J16=""),"",ROUND(I16-J16, 2)) | L16: =IF(A16="","",ISOWEEKNUM(DATEVALUE(TEXT(A16,"yyyy-mm-dd")))) | M16: =IF(A16="","",YEAR(DATEVALUE(TEXT(A16,"yyyy-mm-dd")))) | N16: =IF(A16="","",TEXT(DATEVALUE(TEXT(A16,"yyyy-mm-dd")),"yyyy-mm")) | O16: Morning prep
... A32: 2026-02-18 | B32: Agra Tandoori | C32: 16:00 | D32: 23:30 | E32: 45 | F32: =IF(B32="","",VLOOKUP(B32,Job_Settings!$A$5:$C$15,2,FALSE)) | G32: =IF(B32="","",VLOOKUP(B32,Job_Settings!$A$5:$C$15,3,FALSE)) | H32: =IF(OR(C32="",D32=""),"",ROUND((IF(ISNUMBER(D32),D32,TIMEVALUE(D32))-IF(ISNUMBER(C32),C32,TIMEVALUE(C32)))*24-(E32/60), 2)) | I32: =IF(OR(H32="",F32=""),"",ROUND(H32*F32, 2)) | J32: =IF(OR(I32="",G32=""),"",ROUND(I32*G32, 2)) | K32: =IF(OR(I32="",J32=""),"",ROUND(I32-J32, 2)) | L32: =IF(A32="","",ISOWEEKNUM(DATEVALUE(TEXT(A32,"yyyy-mm-dd")))) | M32: =IF(A32="","",YEAR(DATEVALUE(TEXT(A32,"yyyy-mm-dd")))) | N32: =IF(A32="","",TEXT(DATEVALUE(TEXT(A32,"yyyy-mm-dd")),"yyyy-mm")) | O32: Imported from Apple Calendar: Agra Tandoori Dinner Shift
E33: 30 | F33: =IF(B33="","",VLOOKUP(B33,Job_Settings!$A$5:$C$15,2,FALSE)) | G33: =IF(B33="","",VLOOKUP(B33,Job_Settings!$A$5:$C$15,3,FALSE)) | H33: =IF(OR(C33="",D33=""),"",ROUND((IF(ISNUMBER(D33),D33,TIMEVALUE(D33))-IF(ISNUMBER(C33),C33,TIMEVALUE(C33)))*24-(E33/60), 2)) | I33: =IF(OR(H33="",F33=""),"",ROUND(H33*F33, 2)) | J33: =IF(OR(I33="",G33=""),"",ROUND(I33*G33, 2)) | K33: =IF(OR(I33="",J33=""),"",ROUND(I33-J33, 2)) | L33: =IF(A33="","",ISOWEEKNUM(DATEVALUE(TEXT(A33,"yyyy-mm-dd")))) | M33: =IF(A33="","",YEAR(DATEVALUE(TEXT(A33,"yyyy-mm-dd")))) | N33: =IF(A33="","",TEXT(DATEVALUE(TEXT(A33,"yyyy-mm-dd")),"yyyy-mm"))
E34: 30 | F34: =IF(B34="","",VLOOKUP(B34,Job_Settings!$A$5:$C$15,2,FALSE)) | G34: =IF(B34="","",VLOOKUP(B34,Job_Settings!$A$5:$C$15,3,FALSE)) | H34: =IF(OR(C34="",D34=""),"",ROUND((IF(ISNUMBER(D34),D34,TIMEVALUE(D34))-IF(ISNUMBER(C34),C34,TIMEVALUE(C34)))*24-(E34/60), 2)) | I34: =IF(OR(H34="",F34=""),"",ROUND(H34*F34, 2)) | J34: =IF(OR(I34="",G34=""),"",ROUND(I34*G34, 2)) | K34: =IF(OR(I34="",J34=""),"",ROUND(I34-J34, 2)) | L34: =IF(A34="","",ISOWEEKNUM(DATEVALUE(TEXT(A34,"yyyy-mm-dd")))) | M34: =IF(A34="","",YEAR(DATEVALUE(TEXT(A34,"yyyy-mm-dd")))) | N34: =IF(A34="","",TEXT(DATEVALUE(TEXT(A34,"yyyy-mm-dd")),"yyyy-mm"))
E35: 30 | F35: =IF(B35="","",VLOOKUP(B35,Job_Settings!$A$5:$C$15,2,FALSE)) | G35: =IF(B35="","",VLOOKUP(B35,Job_Settings!$A$5:$C$15,3,FALSE)) | H35: =IF(OR(C35="",D35=""),"",ROUND((IF(ISNUMBER(D35),D35,TIMEVALUE(D35))-IF(ISNUMBER(C35),C35,TIMEVALUE(C35)))*24-(E35/60), 2)) | I35: =IF(OR(H35="",F35=""),"",ROUND(H35*F35, 2)) | J35: =IF(OR(I35="",G35=""),"",ROUND(I35*G35, 2)) | K35: =IF(OR(I35="",J35=""),"",ROUND(I35-J35, 2)) | L35: =IF(A35="","",ISOWEEKNUM(DATEVALUE(TEXT(A35,"yyyy-mm-dd")))) | M35: =IF(A35="","",YEAR(DATEVALUE(TEXT(A35,"yyyy-mm-dd")))) | N35: =IF(A35="","",TEXT(DATEVALUE(TEXT(A35,"yyyy-mm-dd")),"yyyy-mm"))
E36: 30 | F36: =IF(B36="","",VLOOKUP(B36,Job_Settings!$A$5:$C$15,2,FALSE)) | G36: =IF(B36="","",VLOOKUP(B36,Job_Settings!$A$5:$C$15,3,FALSE)) | H36: =IF(OR(C36="",D36=""),"",ROUND((IF(ISNUMBER(D36),D36,TIMEVALUE(D36))-IF(ISNUMBER(C36),C36,TIMEVALUE(C36)))*24-(E36/60), 2)) | I36: =IF(OR(H36="",F36=""),"",ROUND(H36*F36, 2)) | J36: =IF(OR(I36="",G36=""),"",ROUND(I36*G36, 2)) | K36: =IF(OR(I36="",J36=""),"",ROUND(I36-J36, 2)) | L36: =IF(A36="","",ISOWEEKNUM(DATEVALUE(TEXT(A36,"yyyy-mm-dd")))) | M36: =IF(A36="","",YEAR(DATEVALUE(TEXT(A36,"yyyy-mm-dd")))) | N36: =IF(A36="","",TEXT(DATEVALUE(TEXT(A36,"yyyy-mm-dd")),"yyyy-mm"))
E37: 30 | F37: =IF(B37="","",VLOOKUP(B37,Job_Settings!$A$5:$C$15,2,FALSE)) | G37: =IF(B37="","",VLOOKUP(B37,Job_Settings!$A$5:$C$15,3,FALSE)) | H37: =IF(OR(C37="",D37=""),"",ROUND((IF(ISNUMBER(D37),D37,TIMEVALUE(D37))-IF(ISNUMBER(C37),C37,TIMEVALUE(C37)))*24-(E37/60), 2)) | I37: =IF(OR(H37="",F37=""),"",ROUND(H37*F37, 2)) | J37: =IF(OR(I37="",G37=""),"",ROUND(I37*G37, 2)) | K37: =IF(OR(I37="",J37=""),"",ROUND(I37-J37, 2)) | L37: =IF(A37="","",ISOWEEKNUM(DATEVALUE(TEXT(A37,"yyyy-mm-dd")))) | M37: =IF(A37="","",YEAR(DATEVALUE(TEXT(A37,"yyyy-mm-dd")))) | N37: =IF(A37="","",TEXT(DATEVALUE(TEXT(A37,"yyyy-mm-dd")),"yyyy-mm"))
E38: 30 | F38: =IF(B38="","",VLOOKUP(B38,Job_Settings!$A$5:$C$15,2,FALSE)) | G38: =IF(B38="","",VLOOKUP(B38,Job_Settings!$A$5:$C$15,3,FALSE)) | H38: =IF(OR(C38="",D38=""),"",ROUND((IF(ISNUMBER(D38),D38,TIMEVALUE(D38))-IF(ISNUMBER(C38),C38,TIMEVALUE(C38)))*24-(E38/60), 2)) | I38: =IF(OR(H38="",F38=""),"",ROUND(H38*F38, 2)) | J38: =IF(OR(I38="",G38=""),"",ROUND(I38*G38, 2)) | K38: =IF(OR(I38="",J38=""),"",ROUND(I38-J38, 2)) | L38: =IF(A38="","",ISOWEEKNUM(DATEVALUE(TEXT(A38,"yyyy-mm-dd")))) | M38: =IF(A38="","",YEAR(DATEVALUE(TEXT(A38,"yyyy-mm-dd")))) | N38: =IF(A38="","",TEXT(DATEVALUE(TEXT(A38,"yyyy-mm-dd")),"yyyy-mm"))
E39: 30 | F39: =IF(B39="","",VLOOKUP(B39,Job_Settings!$A$5:$C$15,2,FALSE)) | G39: =IF(B39="","",VLOOKUP(B39,Job_Settings!$A$5:$C$15,3,FALSE)) | H39: =IF(OR(C39="",D39=""),"",ROUND((IF(ISNUMBER(D39),D39,TIMEVALUE(D39))-IF(ISNUMBER(C39),C39,TIMEVALUE(C39)))*24-(E39/60), 2)) | I39: =IF(OR(H39="",F39=""),"",ROUND(H39*F39, 2)) | J39: =IF(OR(I39="",G39=""),"",ROUND(I39*G39, 2)) | K39: =IF(OR(I39="",J39=""),"",ROUND(I39-J39, 2)) | L39: =IF(A39="","",ISOWEEKNUM(DATEVALUE(TEXT(A39,"yyyy-mm-dd")))) | M39: =IF(A39="","",YEAR(DATEVALUE(TEXT(A39,"yyyy-mm-dd")))) | N39: =IF(A39="","",TEXT(DATEVALUE(TEXT(A39,"yyyy-mm-dd")),"yyyy-mm"))
E40: 30 | F40: =IF(B40="","",VLOOKUP(B40,Job_Settings!$A$5:$C$15,2,FALSE)) | G40: =IF(B40="","",VLOOKUP(B40,Job_Settings!$A$5:$C$15,3,FALSE)) | H40: =IF(OR(C40="",D40=""),"",ROUND((IF(ISNUMBER(D40),D40,TIMEVALUE(D40))-IF(ISNUMBER(C40),C40,TIMEVALUE(C40)))*24-(E40/60), 2)) | I40: =IF(OR(H40="",F40=""),"",ROUND(H40*F40, 2)) | J40: =IF(OR(I40="",G40=""),"",ROUND(I40*G40, 2)) | K40: =IF(OR(I40="",J40=""),"",ROUND(I40-J40, 2)) | L40: =IF(A40="","",ISOWEEKNUM(DATEVALUE(TEXT(A40,"yyyy-mm-dd")))) | M40: =IF(A40="","",YEAR(DATEVALUE(TEXT(A40,"yyyy-mm-dd")))) | N40: =IF(A40="","",TEXT(DATEVALUE(TEXT(A40,"yyyy-mm-dd")),"yyyy-mm"))
E41: 30 | F41: =IF(B41="","",VLOOKUP(B41,Job_Settings!$A$5:$C$15,2,FALSE)) | G41: =IF(B41="","",VLOOKUP(B41,Job_Settings!$A$5:$C$15,3,FALSE)) | H41: =IF(OR(C41="",D41=""),"",ROUND((IF(ISNUMBER(D41),D41,TIMEVALUE(D41))-IF(ISNUMBER(C41),C41,TIMEVALUE(C41)))*24-(E41/60), 2)) | I41: =IF(OR(H41="",F41=""),"",ROUND(H41*F41, 2)) | J41: =IF(OR(I41="",G41=""),"",ROUND(I41*G41, 2)) | K41: =IF(OR(I41="",J41=""),"",ROUND(I41-J41, 2)) | L41: =IF(A41="","",ISOWEEKNUM(DATEVALUE(TEXT(A41,"yyyy-mm-dd")))) | M41: =IF(A41="","",YEAR(DATEVALUE(TEXT(A41,"yyyy-mm-dd")))) | N41: =IF(A41="","",TEXT(DATEVALUE(TEXT(A41,"yyyy-mm-dd")),"yyyy-mm"))
E42: 30 | F42: =IF(B42="","",VLOOKUP(B42,Job_Settings!$A$5:$C$15,2,FALSE)) | G42: =IF(B42="","",VLOOKUP(B42,Job_Settings!$A$5:$C$15,3,FALSE)) | H42: =IF(OR(C42="",D42=""),"",ROUND((IF(ISNUMBER(D42),D42,TIMEVALUE(D42))-IF(ISNUMBER(C42),C42,TIMEVALUE(C42)))*24-(E42/60), 2)) | I42: =IF(OR(H42="",F42=""),"",ROUND(H42*F42, 2)) | J42: =IF(OR(I42="",G42=""),"",ROUND(I42*G42, 2)) | K42: =IF(OR(I42="",J42=""),"",ROUND(I42-J42, 2)) | L42: =IF(A42="","",ISOWEEKNUM(DATEVALUE(TEXT(A42,"yyyy-mm-dd")))) | M42: =IF(A42="","",YEAR(DATEVALUE(TEXT(A42,"yyyy-mm-dd")))) | N42: =IF(A42="","",TEXT(DATEVALUE(TEXT(A42,"yyyy-mm-dd")),"yyyy-mm"))
E43: 30 | F43: =IF(B43="","",VLOOKUP(B43,Job_Settings!$A$5:$C$15,2,FALSE)) | G43: =IF(B43="","",VLOOKUP(B43,Job_Settings!$A$5:$C$15,3,FALSE)) | H43: =IF(OR(C43="",D43=""),"",ROUND((IF(ISNUMBER(D43),D43,TIMEVALUE(D43))-IF(ISNUMBER(C43),C43,TIMEVALUE(C43)))*24-(E43/60), 2)) | I43: =IF(OR(H43="",F43=""),"",ROUND(H43*F43, 2)) | J43: =IF(OR(I43="",G43=""),"",ROUND(I43*G43, 2)) | K43: =IF(OR(I43="",J43=""),"",ROUND(I43-J43, 2)) | L43: =IF(A43="","",ISOWEEKNUM(DATEVALUE(TEXT(A43,"yyyy-mm-dd")))) | M43: =IF(A43="","",YEAR(DATEVALUE(TEXT(A43,"yyyy-mm-dd")))) | N43: =IF(A43="","",TEXT(DATEVALUE(TEXT(A43,"yyyy-mm-dd")),"yyyy-mm"))
E44: 30 | F44: =IF(B44="","",VLOOKUP(B44,Job_Settings!$A$5:$C$15,2,FALSE)) | G44: =IF(B44="","",VLOOKUP(B44,Job_Settings!$A$5:$C$15,3,FALSE)) | H44: =IF(OR(C44="",D44=""),"",ROUND((IF(ISNUMBER(D44),D44,TIMEVALUE(D44))-IF(ISNUMBER(C44),C44,TIMEVALUE(C44)))*24-(E44/60), 2)) | I44: =IF(OR(H44="",F44=""),"",ROUND(H44*F44, 2)) | J44: =IF(OR(I44="",G44=""),"",ROUND(I44*G44, 2)) | K44: =IF(OR(I44="",J44=""),"",ROUND(I44-J44, 2)) | L44: =IF(A44="","",ISOWEEKNUM(DATEVALUE(TEXT(A44,"yyyy-mm-dd")))) | M44: =IF(A44="","",YEAR(DATEVALUE(TEXT(A44,"yyyy-mm-dd")))) | N44: =IF(A44="","",TEXT(DATEVALUE(TEXT(A44,"yyyy-mm-dd")),"yyyy-mm"))
... E78: 30 | F78: =IF(B78="","",VLOOKUP(B78,Job_Settings!$A$5:$C$15,2,FALSE)) | G78: =IF(B78="","",VLOOKUP(B78,Job_Settings!$A$5:$C$15,3,FALSE)) | H78: =IF(OR(C78="",D78=""),"",ROUND((IF(ISNUMBER(D78),D78,TIMEVALUE(D78))-IF(ISNUMBER(C78),C78,TIMEVALUE(C78)))*24-(E78/60), 2)) | I78: =IF(OR(H78="",F78=""),"",ROUND(H78*F78, 2)) | J78: =IF(OR(I78="",G78=""),"",ROUND(I78*G78, 2)) | K78: =IF(OR(I78="",J78=""),"",ROUND(I78-J78, 2)) | L78: =IF(A78="","",ISOWEEKNUM(DATEVALUE(TEXT(A78,"yyyy-mm-dd")))) | M78: =IF(A78="","",YEAR(DATEVALUE(TEXT(A78,"yyyy-mm-dd")))) | N78: =IF(A78="","",TEXT(DATEVALUE(TEXT(A78,"yyyy-mm-dd")),"yyyy-mm"))

Sheet Weekly_Summary
A1: Weekly Earnings & Hours Summary
A2: Automatically aggregates total shifts, paid hours, gross pay, and net take-home pay by ISO Week.
A4: Year | B4: Week # | C4: Shifts Worked | D4: Total Paid Hours | E4: Gross Earnings (kr) | F4: Tax Amount (kr) | G4: Net Take-Home (kr) | H4: Avg Net / Hour
A5: 2025 | B5: 48 | C5: =COUNTIFS(Daily_Log!$M$5:$M$500, A5, Daily_Log!$L$5:$L$500, B5) | D5: =SUMIFS(Daily_Log!$H$5:$H$500, Daily_Log!$M$5:$M$500, A5, Daily_Log!$L$5:$L$500, B5) | E5: =SUMIFS(Daily_Log!$I$5:$I$500, Daily_Log!$M$5:$M$500, A5, Daily_Log!$L$5:$L$500, B5) | F5: =SUMIFS(Daily_Log!$J$5:$J$500, Daily_Log!$M$5:$M$500, A5, Daily_Log!$L$5:$L$500, B5) | G5: =SUMIFS(Daily_Log!$K$5:$K$500, Daily_Log!$M$5:$M$500, A5, Daily_Log!$L$5:$L$500, B5) | H5: =IF(D5>0, G5/D5, 0)
A6: 2025 | B6: 49 | C6: =COUNTIFS(Daily_Log!$M$5:$M$500, A6, Daily_Log!$L$5:$L$500, B6) | D6: =SUMIFS(Daily_Log!$H$5:$H$500, Daily_Log!$M$5:$M$500, A6, Daily_Log!$L$5:$L$500, B6) | E6: =SUMIFS(Daily_Log!$I$5:$I$500, Daily_Log!$M$5:$M$500, A6, Daily_Log!$L$5:$L$500, B6) | F6: =SUMIFS(Daily_Log!$J$5:$J$500, Daily_Log!$M$5:$M$500, A6, Daily_Log!$L$5:$L$500, B6) | G6: =SUMIFS(Daily_Log!$K$5:$K$500, Daily_Log!$M$5:$M$500, A6, Daily_Log!$L$5:$L$500, B6) | H6: =IF(D6>0, G6/D6, 0)
A7: 2025 | B7: 50 | C7: =COUNTIFS(Daily_Log!$M$5:$M$500, A7, Daily_Log!$L$5:$L$500, B7) | D7: =SUMIFS(Daily_Log!$H$5:$H$500, Daily_Log!$M$5:$M$500, A7, Daily_Log!$L$5:$L$500, B7) | E7: =SUMIFS(Daily_Log!$I$5:$I$500, Daily_Log!$M$5:$M$500, A7, Daily_Log!$L$5:$L$500, B7) | F7: =SUMIFS(Daily_Log!$J$5:$J$500, Daily_Log!$M$5:$M$500, A7, Daily_Log!$L$5:$L$500, B7) | G7: =SUMIFS(Daily_Log!$K$5:$K$500, Daily_Log!$M$5:$M$500, A7, Daily_Log!$L$5:$L$500, B7) | H7: =IF(D7>0, G7/D7, 0)
A8: 2025 | B8: 51 | C8: =COUNTIFS(Daily_Log!$M$5:$M$500, A8, Daily_Log!$L$5:$L$500, B8) | D8: =SUMIFS(Daily_Log!$H$5:$H$500, Daily_Log!$M$5:$M$500, A8, Daily_Log!$L$5:$L$500, B8) | E8: =SUMIFS(Daily_Log!$I$5:$I$500, Daily_Log!$M$5:$M$500, A8, Daily_Log!$L$5:$L$500, B8) | F8: =SUMIFS(Daily_Log!$J$5:$J$500, Daily_Log!$M$5:$M$500, A8, Daily_Log!$L$5:$L$500, B8) | G8: =SUMIFS(Daily_Log!$K$5:$K$500, Daily_Log!$M$5:$M$500, A8, Daily_Log!$L$5:$L$500, B8) | H8: =IF(D8>0, G8/D8, 0)
A9: 2025 | B9: 52 | C9: =COUNTIFS(Daily_Log!$M$5:$M$500, A9, Daily_Log!$L$5:$L$500, B9) | D9: =SUMIFS(Daily_Log!$H$5:$H$500, Daily_Log!$M$5:$M$500, A9, Daily_Log!$L$5:$L$500, B9) | E9: =SUMIFS(Daily_Log!$I$5:$I$500, Daily_Log!$M$5:$M$500, A9, Daily_Log!$L$5:$L$500, B9) | F9: =SUMIFS(Daily_Log!$J$5:$J$500, Daily_Log!$M$5:$M$500, A9, Daily_Log!$L$5:$L$500, B9) | G9: =SUMIFS(Daily_Log!$K$5:$K$500, Daily_Log!$M$5:$M$500, A9, Daily_Log!$L$5:$L$500, B9) | H9: =IF(D9>0, G9/D9, 0)
A10: 2026 | B10: 1 | C10: =COUNTIFS(Daily_Log!$M$5:$M$500, A10, Daily_Log!$L$5:$L$500, B10) | D10: =SUMIFS(Daily_Log!$H$5:$H$500, Daily_Log!$M$5:$M$500, A10, Daily_Log!$L$5:$L$500, B10) | E10: =SUMIFS(Daily_Log!$I$5:$I$500, Daily_Log!$M$5:$M$500, A10, Daily_Log!$L$5:$L$500, B10) | F10: =SUMIFS(Daily_Log!$J$5:$J$500, Daily_Log!$M$5:$M$500, A10, Daily_Log!$L$5:$L$500, B10) | G10: =SUMIFS(Daily_Log!$K$5:$K$500, Daily_Log!$M$5:$M$500, A10, Daily_Log!$L$5:$L$500, B10) | H10: =IF(D10>0, G10/D10, 0)
A11: 2026 | B11: 2 | C11: =COUNTIFS(Daily_Log!$M$5:$M$500, A11, Daily_Log!$L$5:$L$500, B11) | D11: =SUMIFS(Daily_Log!$H$5:$H$500, Daily_Log!$M$5:$M$500, A11, Daily_Log!$L$5:$L$500, B11) | E11: =SUMIFS(Daily_Log!$I$5:$I$500, Daily_Log!$M$5:$M$500, A11, Daily_Log!$L$5:$L$500, B11) | F11: =SUMIFS(Daily_Log!$J$5:$J$500, Daily_Log!$M$5:$M$500, A11, Daily_Log!$L$5:$L$500, B11) | G11: =SUMIFS(Daily_Log!$K$5:$K$500, Daily_Log!$M$5:$M$500, A11, Daily_Log!$L$5:$L$500, B11) | H11: =IF(D11>0, G11/D11, 0)
A12: 2026 | B12: 3 | C12: =COUNTIFS(Daily_Log!$M$5:$M$500, A12, Daily_Log!$L$5:$L$500, B12) | D12: =SUMIFS(Daily_Log!$H$5:$H$500, Daily_Log!$M$5:$M$500, A12, Daily_Log!$L$5:$L$500, B12) | E12: =SUMIFS(Daily_Log!$I$5:$I$500, Daily_Log!$M$5:$M$500, A12, Daily_Log!$L$5:$L$500, B12) | F12: =SUMIFS(Daily_Log!$J$5:$J$500, Daily_Log!$M$5:$M$500, A12, Daily_Log!$L$5:$L$500, B12) | G12: =SUMIFS(Daily_Log!$K$5:$K$500, Daily_Log!$M$5:$M$500, A12, Daily_Log!$L$5:$L$500, B12) | H12: =IF(D12>0, G12/D12, 0)
A13: 2026 | B13: 4 | C13: =COUNTIFS(Daily_Log!$M$5:$M$500, A13, Daily_Log!$L$5:$L$500, B13) | D13: =SUMIFS(Daily_Log!$H$5:$H$500, Daily_Log!$M$5:$M$500, A13, Daily_Log!$L$5:$L$500, B13) | E13: =SUMIFS(Daily_Log!$I$5:$I$500, Daily_Log!$M$5:$M$500, A13, Daily_Log!$L$5:$L$500, B13) | F13: =SUMIFS(Daily_Log!$J$5:$J$500, Daily_Log!$M$5:$M$500, A13, Daily_Log!$L$5:$L$500, B13) | G13: =SUMIFS(Daily_Log!$K$5:$K$500, Daily_Log!$M$5:$M$500, A13, Daily_Log!$L$5:$L$500, B13) | H13: =IF(D13>0, G13/D13, 0)
A14: 2026 | B14: 5 | C14: =COUNTIFS(Daily_Log!$M$5:$M$500, A14, Daily_Log!$L$5:$L$500, B14) | D14: =SUMIFS(Daily_Log!$H$5:$H$500, Daily_Log!$M$5:$M$500, A14, Daily_Log!$L$5:$L$500, B14) | E14: =SUMIFS(Daily_Log!$I$5:$I$500, Daily_Log!$M$5:$M$500, A14, Daily_Log!$L$5:$L$500, B14) | F14: =SUMIFS(Daily_Log!$J$5:$J$500, Daily_Log!$M$5:$M$500, A14, Daily_Log!$L$5:$L$500, B14) | G14: =SUMIFS(Daily_Log!$K$5:$K$500, Daily_Log!$M$5:$M$500, A14, Daily_Log!$L$5:$L$500, B14) | H14: =IF(D14>0, G14/D14, 0)
A15: 2026 | B15: 6 | C15: =COUNTIFS(Daily_Log!$M$5:$M$500, A15, Daily_Log!$L$5:$L$500, B15) | D15: =SUMIFS(Daily_Log!$H$5:$H$500, Daily_Log!$M$5:$M$500, A15, Daily_Log!$L$5:$L$500, B15) | E15: =SUMIFS(Daily_Log!$I$5:$I$500, Daily_Log!$M$5:$M$500, A15, Daily_Log!$L$5:$L$500, B15) | F15: =SUMIFS(Daily_Log!$J$5:$J$500, Daily_Log!$M$5:$M$500, A15, Daily_Log!$L$5:$L$500, B15) | G15: =SUMIFS(Daily_Log!$K$5:$K$500, Daily_Log!$M$5:$M$500, A15, Daily_Log!$L$5:$L$500, B15) | H15: =IF(D15>0, G15/D15, 0)
A16: 2026 | B16: 7 | C16: =COUNTIFS(Daily_Log!$M$5:$M$500, A16, Daily_Log!$L$5:$L$500, B16) | D16: =SUMIFS(Daily_Log!$H$5:$H$500, Daily_Log!$M$5:$M$500, A16, Daily_Log!$L$5:$L$500, B16) | E16: =SUMIFS(Daily_Log!$I$5:$I$500, Daily_Log!$M$5:$M$500, A16, Daily_Log!$L$5:$L$500, B16) | F16: =SUMIFS(Daily_Log!$J$5:$J$500, Daily_Log!$M$5:$M$500, A16, Daily_Log!$L$5:$L$500, B16) | G16: =SUMIFS(Daily_Log!$K$5:$K$500, Daily_Log!$M$5:$M$500, A16, Daily_Log!$L$5:$L$500, B16) | H16: =IF(D16>0, G16/D16, 0)
... A21: 2026 | B21: 12 | C21: =COUNTIFS(Daily_Log!$M$5:$M$500, A21, Daily_Log!$L$5:$L$500, B21) | D21: =SUMIFS(Daily_Log!$H$5:$H$500, Daily_Log!$M$5:$M$500, A21, Daily_Log!$L$5:$L$500, B21) | E21: =SUMIFS(Daily_Log!$I$5:$I$500, Daily_Log!$M$5:$M$500, A21, Daily_Log!$L$5:$L$500, B21) | F21: =SUMIFS(Daily_Log!$J$5:$J$500, Daily_Log!$M$5:$M$500, A21, Daily_Log!$L$5:$L$500, B21) | G21: =SUMIFS(Daily_Log!$K$5:$K$500, Daily_Log!$M$5:$M$500, A21, Daily_Log!$L$5:$L$500, B21) | H21: =IF(D21>0, G21/D21, 0)
A22: Total | C22: =SUM(C5:C21) | D22: =SUM(D5:D21) | E22: =SUM(E5:E21) | F22: =SUM(F5:F21) | G22: =SUM(G5:G21) | H22: =IF(D22>0, G22/D22, 0)

Sheet Monthly_Summary
A1: Monthly Hours & Income Breakdown
A2: Tracks total hours, gross pay, tax deductions, and net income by calendar month.
A4: Month Key | B4: Year | C4: Month Name | D4: Days Worked | E4: Total Paid Hours | F4: Gross Earnings (kr) | G4: Tax Deduction (kr) | H4: Net Take-Home (kr) | I4: Effective Hourly Rate
A5: 2025-11 | B5: 2025 | C5: November | D5: =COUNTIFS(Daily_Log!$N$5:$N$500, A5) | E5: =SUMIFS(Daily_Log!$H$5:$H$500, Daily_Log!$N$5:$N$500, A5) | F5: =SUMIFS(Daily_Log!$I$5:$I$500, Daily_Log!$N$5:$N$500, A5) | G5: =SUMIFS(Daily_Log!$J$5:$J$500, Daily_Log!$N$5:$N$500, A5) | H5: =SUMIFS(Daily_Log!$K$5:$K$500, Daily_Log!$N$5:$N$500, A5) | I5: =IF(E5>0, H5/E5, 0)
A6: 2025-12 | B6: 2025 | C6: December | D6: =COUNTIFS(Daily_Log!$N$5:$N$500, A6) | E6: =SUMIFS(Daily_Log!$H$5:$H$500, Daily_Log!$N$5:$N$500, A6) | F6: =SUMIFS(Daily_Log!$I$5:$I$500, Daily_Log!$N$5:$N$500, A6) | G6: =SUMIFS(Daily_Log!$J$5:$J$500, Daily_Log!$N$5:$N$500, A6) | H6: =SUMIFS(Daily_Log!$K$5:$K$500, Daily_Log!$N$5:$N$500, A6) | I6: =IF(E6>0, H6/E6, 0)
A7: 2026-01 | B7: 2026 | C7: January | D7: =COUNTIFS(Daily_Log!$N$5:$N$500, A7) | E7: =SUMIFS(Daily_Log!$H$5:$H$500, Daily_Log!$N$5:$N$500, A7) | F7: =SUMIFS(Daily_Log!$I$5:$I$500, Daily_Log!$N$5:$N$500, A7) | G7: =SUMIFS(Daily_Log!$J$5:$J$500, Daily_Log!$N$5:$N$500, A7) | H7: =SUMIFS(Daily_Log!$K$5:$K$500, Daily_Log!$N$5:$N$500, A7) | I7: =IF(E7>0, H7/E7, 0)
A8: 2026-02 | B8: 2026 | C8: February | D8: =COUNTIFS(Daily_Log!$N$5:$N$500, A8) | E8: =SUMIFS(Daily_Log!$H$5:$H$500, Daily_Log!$N$5:$N$500, A8) | F8: =SUMIFS(Daily_Log!$I$5:$I$500, Daily_Log!$N$5:$N$500, A8) | G8: =SUMIFS(Daily_Log!$J$5:$J$500, Daily_Log!$N$5:$N$500, A8) | H8: =SUMIFS(Daily_Log!$K$5:$K$500, Daily_Log!$N$5:$N$500, A8) | I8: =IF(E8>0, H8/E8, 0)
A9: 2026-03 | B9: 2026 | C9: March | D9: =COUNTIFS(Daily_Log!$N$5:$N$500, A9) | E9: =SUMIFS(Daily_Log!$H$5:$H$500, Daily_Log!$N$5:$N$500, A9) | F9: =SUMIFS(Daily_Log!$I$5:$I$500, Daily_Log!$N$5:$N$500, A9) | G9: =SUMIFS(Daily_Log!$J$5:$J$500, Daily_Log!$N$5:$N$500, A9) | H9: =SUMIFS(Daily_Log!$K$5:$K$500, Daily_Log!$N$5:$N$500, A9) | I9: =IF(E9>0, H9/E9, 0)
A10: 2026-04 | B10: 2026 | C10: April | D10: =COUNTIFS(Daily_Log!$N$5:$N$500, A10) | E10: =SUMIFS(Daily_Log!$H$5:$H$500, Daily_Log!$N$5:$N$500, A10) | F10: =SUMIFS(Daily_Log!$I$5:$I$500, Daily_Log!$N$5:$N$500, A10) | G10: =SUMIFS(Daily_Log!$J$5:$J$500, Daily_Log!$N$5:$N$500, A10) | H10: =SUMIFS(Daily_Log!$K$5:$K$500, Daily_Log!$N$5:$N$500, A10) | I10: =IF(E10>0, H10/E10, 0)
A11: 2026-05 | B11: 2026 | C11: May | D11: =COUNTIFS(Daily_Log!$N$5:$N$500, A11) | E11: =SUMIFS(Daily_Log!$H$5:$H$500, Daily_Log!$N$5:$N$500, A11) | F11: =SUMIFS(Daily_Log!$I$5:$I$500, Daily_Log!$N$5:$N$500, A11) | G11: =SUMIFS(Daily_Log!$J$5:$J$500, Daily_Log!$N$5:$N$500, A11) | H11: =SUMIFS(Daily_Log!$K$5:$K$500, Daily_Log!$N$5:$N$500, A11) | I11: =IF(E11>0, H11/E11, 0)
A12: 2026-06 | B12: 2026 | C12: June | D12: =COUNTIFS(Daily_Log!$N$5:$N$500, A12) | E12: =SUMIFS(Daily_Log!$H$5:$H$500, Daily_Log!$N$5:$N$500, A12) | F12: =SUMIFS(Daily_Log!$I$5:$I$500, Daily_Log!$N$5:$N$500, A12) | G12: =SUMIFS(Daily_Log!$J$5:$J$500, Daily_Log!$N$5:$N$500, A12) | H12: =SUMIFS(Daily_Log!$K$5:$K$500, Daily_Log!$N$5:$N$500, A12) | I12: =IF(E12>0, H12/E12, 0)
A13: 2026-07 | B13: 2026 | C13: July | D13: =COUNTIFS(Daily_Log!$N$5:$N$500, A13) | E13: =SUMIFS(Daily_Log!$H$5:$H$500, Daily_Log!$N$5:$N$500, A13) | F13: =SUMIFS(Daily_Log!$I$5:$I$500, Daily_Log!$N$5:$N$500, A13) | G13: =SUMIFS(Daily_Log!$J$5:$J$500, Daily_Log!$N$5:$N$500, A13) | H13: =SUMIFS(Daily_Log!$K$5:$K$500, Daily_Log!$N$5:$N$500, A13) | I13: =IF(E13>0, H13/E13, 0)
A14: 2026-08 | B14: 2026 | C14: August | D14: =COUNTIFS(Daily_Log!$N$5:$N$500, A14) | E14: =SUMIFS(Daily_Log!$H$5:$H$500, Daily_Log!$N$5:$N$500, A14) | F14: =SUMIFS(Daily_Log!$I$5:$I$500, Daily_Log!$N$5:$N$500, A14) | G14: =SUMIFS(Daily_Log!$J$5:$J$500, Daily_Log!$N$5:$N$500, A14) | H14: =SUMIFS(Daily_Log!$K$5:$K$500, Daily_Log!$N$5:$N$500, A14) | I14: =IF(E14>0, H14/E14, 0)
A15: 2026-09 | B15: 2026 | C15: September | D15: =COUNTIFS(Daily_Log!$N$5:$N$500, A15) | E15: =SUMIFS(Daily_Log!$H$5:$H$500, Daily_Log!$N$5:$N$500, A15) | F15: =SUMIFS(Daily_Log!$I$5:$I$500, Daily_Log!$N$5:$N$500, A15) | G15: =SUMIFS(Daily_Log!$J$5:$J$500, Daily_Log!$N$5:$N$500, A15) | H15: =SUMIFS(Daily_Log!$K$5:$K$500, Daily_Log!$N$5:$N$500, A15) | I15: =IF(E15>0, H15/E15, 0)
A16: 2026-10 | B16: 2026 | C16: October | D16: =COUNTIFS(Daily_Log!$N$5:$N$500, A16) | E16: =SUMIFS(Daily_Log!$H$5:$H$500, Daily_Log!$N$5:$N$500, A16) | F16: =SUMIFS(Daily_Log!$I$5:$I$500, Daily_Log!$N$5:$N$500, A16) | G16: =SUMIFS(Daily_Log!$J$5:$J$500, Daily_Log!$N$5:$N$500, A16) | H16: =SUMIFS(Daily_Log!$K$5:$K$500, Daily_Log!$N$5:$N$500, A16) | I16: =IF(E16>0, H16/E16, 0)
... A18: 2026-12 | B18: 2026 | C18: December | D18: =COUNTIFS(Daily_Log!$N$5:$N$500, A18) | E18: =SUMIFS(Daily_Log!$H$5:$H$500, Daily_Log!$N$5:$N$500, A18) | F18: =SUMIFS(Daily_Log!$I$5:$I$500, Daily_Log!$N$5:$N$500, A18) | G18: =SUMIFS(Daily_Log!$J$5:$J$500, Daily_Log!$N$5:$N$500, A18) | H18: =SUMIFS(Daily_Log!$K$5:$K$500, Daily_Log!$N$5:$N$500, A18) | I18: =IF(E18>0, H18/E18, 0)
A19: Total | D19: =SUM(D5:D18) | E19: =SUM(E5:E18) | F19: =SUM(F5:F18) | G19: =SUM(G5:G18) | H19: =SUM(H5:H18) | I19: =IF(E19>0, H19/E19, 0)

Sheet Yearly_Summary
A1: Yearly Income & Hours Overview
A2: High-level annual performance totals, days worked, and average daily/hourly rates.
A4: Year | B4: Total Days Worked | C4: Total Paid Hours | D4: Gross Earnings (kr) | E4: Tax Amount (kr) | F4: Net Take-Home (kr) | G4: Avg Daily Net (kr) | H4: Avg Hourly Net (kr)
A5: 2025 | B5: =COUNTIFS(Daily_Log!$M$5:$M$500, A5) | C5: =SUMIFS(Daily_Log!$H$5:$H$500, Daily_Log!$M$5:$M$500, A5) | D5: =SUMIFS(Daily_Log!$I$5:$I$500, Daily_Log!$M$5:$M$500, A5) | E5: =SUMIFS(Daily_Log!$J$5:$J$500, Daily_Log!$M$5:$M$500, A5) | F5: =SUMIFS(Daily_Log!$K$5:$K$500, Daily_Log!$M$5:$M$500, A5) | G5: =IF(B5>0, F5/B5, 0) | H5: =IF(C5>0, F5/C5, 0)
A6: 2026 | B6: =COUNTIFS(Daily_Log!$M$5:$M$500, A6) | C6: =SUMIFS(Daily_Log!$H$5:$H$500, Daily_Log!$M$5:$M$500, A6) | D6: =SUMIFS(Daily_Log!$I$5:$I$500, Daily_Log!$M$5:$M$500, A6) | E6: =SUMIFS(Daily_Log!$J$5:$J$500, Daily_Log!$M$5:$M$500, A6) | F6: =SUMIFS(Daily_Log!$K$5:$K$500, Daily_Log!$M$5:$M$500, A6) | G6: =IF(B6>0, F6/B6, 0) | H6: =IF(C6>0, F6/C6, 0)
A7: 2027 | B7: =COUNTIFS(Daily_Log!$M$5:$M$500, A7) | C7: =SUMIFS(Daily_Log!$H$5:$H$500, Daily_Log!$M$5:$M$500, A7) | D7: =SUMIFS(Daily_Log!$I$5:$I$500, Daily_Log!$M$5:$M$500, A7) | E7: =SUMIFS(Daily_Log!$J$5:$J$500, Daily_Log!$M$5:$M$500, A7) | F7: =SUMIFS(Daily_Log!$K$5:$K$500, Daily_Log!$M$5:$M$500, A7) | G7: =IF(B7>0, F7/B7, 0) | H7: =IF(C7>0, F7/C7, 0)

Sheet Job_Settings
A1: Job / Employer Settings & Tax Configuration
A2: Edit hourly rates and tax percentages here. The Daily Log will automatically reference these values.
A4: Job / Employer | B4: Hourly Rate (kr) | C4: Tax Rate (%) | D4: Tax Treatment Notes
A5: Agra Tandoori | B5: 95 | C5: 0.32 | D5: 95 kr/hr net/gross with employer tax
A6: Grand Hotel | B6: 153.64 | C6: 0.32 | D6: 153.64 kr/hr total salary
A7: Backup Job | B7: 120 | C7: 0.32 | D7: Secondary / Backup shift position
A8: Other / Special | B8: 100 | C8: 0.3 | D8: Custom or freelance shift
